{
  "Sitemap Request" : {
    "transaction" : "Sitemap Request",
    "sampleCount" : 25000,
    "errorCount" : 0,
    "errorPct" : 0.0,
    "meanResTime" : 5211.791240000009,
    "medianResTime" : 5482.0,
    "minResTime" : 1080.0,
    "maxResTime" : 10266.0,
    "pct1ResTime" : 7828.0,
    "pct2ResTime" : 8373.0,
    "pct3ResTime" : 9160.0,
    "throughput" : 8.18149300465985,
    "receivedKBytesPerSec" : 133.37271942416524,
    "sentKBytesPerSec" : 14.037971883972029
  },
  "Total" : {
    "transaction" : "Total",
    "sampleCount" : 75000,
    "errorCount" : 0,
    "errorPct" : 0.0,
    "meanResTime" : 1997.3305200000048,
    "medianResTime" : 285.0,
    "minResTime" : 30.0,
    "maxResTime" : 30715.0,
    "pct1ResTime" : 6359.9000000000015,
    "pct2ResTime" : 7437.0,
    "pct3ResTime" : 8794.980000000003,
    "throughput" : 24.541290557754817,
    "receivedKBytesPerSec" : 762.7848878909878,
    "sentKBytesPerSec" : 47.559215654422964
  },
  "Single Keyword Request" : {
    "transaction" : "Single Keyword Request",
    "sampleCount" : 25000,
    "errorCount" : 0,
    "errorPct" : 0.0,
    "meanResTime" : 215.54692000000009,
    "medianResTime" : 171.0,
    "minResTime" : 52.0,
    "maxResTime" : 3872.0,
    "pct1ResTime" : 290.0,
    "pct2ResTime" : 478.0,
    "pct3ResTime" : 1631.9900000000016,
    "throughput" : 8.184474118073807,
    "receivedKBytesPerSec" : 298.96130589596834,
    "sentKBytesPerSec" : 16.776573411950118
  },
  "Multiple Keyword Request" : {
    "transaction" : "Multiple Keyword Request",
    "sampleCount" : 25000,
    "errorCount" : 0,
    "errorPct" : 0.0,
    "meanResTime" : 564.6534000000006,
    "medianResTime" : 249.0,
    "minResTime" : 30.0,
    "maxResTime" : 30715.0,
    "pct1ResTime" : 1138.9000000000015,
    "pct2ResTime" : 1815.0,
    "pct3ResTime" : 4202.990000000002,
    "throughput" : 8.184404453625527,
    "receivedKBytesPerSec" : 330.77652644769836,
    "sentKBytesPerSec" : 16.76292314905601
  }
}